<?xml version="1.0" encoding="UTF-8" standalone="yes"?>
<addon id="repository.konikvranik" name="konikvranik Repo" version="1.0.2" provider-name="konikvranik">
	<requires>
		<import addon="xbmc.addon" version="12.0.0"/>
	</requires>
	<extension point="xbmc.addon.repository" name="konikvranik Repo">
		<dir>
			<info compressed="false">https://konikvranik.github.io/kodi_repo/repo/zips/addons.xml</info>
			<checksum>https://konikvranik.github.io/kodi_repo/repo/zips/addons.xml.md5</checksum>
			<datadir zip="true">https://konikvranik.github.io/kodi_repo/repo/zips/</datadir>
		</dir>
	</extension>
	<extension point="xbmc.addon.metadata">
		<summary>Kodi addons by konikvranik</summary>
		<description>Kodi addon for HDMI CEC server based on pyCEC.</description>
		<disclaimer></disclaimer>
		<platform>all</platform>
		<assets>
			<icon>icon.png</icon>
		</assets>
	</extension>
</addon>