<?xml version="1.0" encoding="UTF-8" standalone="yes"?>
<addon id="repository.konikvranik" name="konikvranik Repo" version="0.0.1-α" provider-name="konikvranik">
	<extension point="xbmc.addon.repository" name="konikvranik Repo">
		<dir>
			<info compressed="false">https://raw.githubusercontent.com/konikvranik/kodi_repo/alpha/repo/zips/addons.xml</info>
			<checksum>https://raw.githubusercontent.com/konikvranik/kodi_repo/alpha/repo/zips/addons.xml.md5</checksum>
			<datadir zip="true">https://raw.githubusercontent.com/konikvranik/kodi_repo/alpha/repo/zips/</datadir>
		</dir>
		<dir minversion="19.0.0">
			<info compressed="false">https://raw.githubusercontent.com/konikvranik/kodi_repo/alpha/matrix/zips/addons.xml</info>
			<checksum>https://raw.githubusercontent.com/konikvranik/kodi_repo/alpha/matrix/zips/addons.xml.md5</checksum>
			<datadir zip="true">https://raw.githubusercontent.com/konikvranik/kodi_repo/alpha/matrix/zips/</datadir>
		</dir>
	</extension>
	<extension point="xbmc.addon.metadata">
		<summary>α Kodi addons by konikvranik</summary>
		<description>Kodi addon for HDMI CEC server based on pyCEC.</description>
		<disclaimer/>
		<platform>all</platform>
		<assets>
			<icon>icon.png</icon>
		</assets>
	</extension>
</addon>