<?xml version="1.0" encoding="UTF-8" standalone="yes"?>
<addon id="service.cec.server" name="CEC TCP Server" version="0.0.1" provider-name="konikvranik">
	<requires>
		<import addon="xbmc.python" version="3.0.0"/>
	</requires>
	<extension point="xbmc.service" library="kodi_cec.py" start="login"/>
	<extension point="xbmc.addon.metadata">
		<summary lang="en_GB">CEC TCP Server for Kodi</summary>
		<description lang="en_GB">Provides a TCP server to send and receive CEC commands to HDMI devices connected to
			Kodi.
		</description>
		<platform>all</platform>
		<language>en</language>
		<license>MIT</license>
		<assets>
			<icon>resources/icon.png</icon>
			<fanart>resources/fanart.jpg</fanart>
		</assets>
	</extension>
</addon>
