<?xml version="1.0" encoding="UTF-8" standalone="yes"?>
<addon id="repository.konikvranik" name="konikvranik Repo" version="1.0.0" provider-name="konikvranik">
	<extension point="xbmc.addon.repository" name="konikvranik Repo">
		<info compressed="false">https://raw.githubusercontent.com/konikvranik/kodi_repo/master/addons.xml</info>
		<checksum>https://raw.githubusercontent.com/konikvranik/kodi_repo/master/addons.xml.md5</checksum>
		<datadir zip="true">https://raw.githubusercontent.com/konikvranik/kodi_repo/master/zip/</datadir>
	</extension>
	<extension point="xbmc.addon.metadata">
		<summary>Kodi addons by konikvranik</summary>
		<description>Kodi addon for HDMI CEC server based on pyCEC.</description>
		<disclaimer></disclaimer>
		<platform>all</platform>
	</extension>
</addon>