<?xml version="1.0" encoding="UTF-8" standalone="yes"?>
<addon id="repository.konikvranik" name="konikvranik Repo" version="1.0.0" provider-name="konikvranik">
	<extension point="xbmc.addon.repository" name="konikvranik Repo">
		<dir>
			<info compressed="false">https://konikvranik.github.io/kodi_repo/repo/zips/addons.xml</info>
			<checksum>https://konikvranik.github.io/kodi_repo/repo/zips/addons.xml.md5</checksum>
			<datadir zip="true">https://konikvranik.github.io/kodi_repo/repo/zips/</datadir>
		</dir>
		<!-- dir minversion="19.9.1" maxversion="20.9.0">
			<info compressed="false">https://konikvranik.github.io/kodi_repo/nexus/zips/addons.xml</info>
			<checksum>https://konikvranik.github.io/kodi_repo/nexus/zips/addons.xml.md5</checksum>
			<datadir zip="true">https://konikvranik.github.io/kodi_repo/nexus/zips/</datadir>
		</dir>
		<dir minversion="20.9.1">
			<info compressed="false">https://konikvranik.github.io/kodi_repo/omega/zips/addons.xml</info>
			<checksum>https://konikvranik.github.io/kodi_repo/omega/zips/addons.xml.md5</checksum>
			<datadir zip="true">https://konikvranik.github.io/kodi_repo/omega/zips/</datadir>
		</dir -->
	</extension>
	<extension point="xbmc.addon.metadata">
		<summary>Kodi addons by konikvranik</summary>
		<description>Kodi addon for HDMI CEC server based on pyCEC.</description>
		<disclaimer></disclaimer>
		<platform>all</platform>
	</extension>
</addon>